feature,importance
elevation,0.91121376
dist_water,0.6975021
building_density,0.56994927
ndvi,0.36913815
population_density,0.36623868
dist_green,0.34031323
ndbi,0.2987515
albedo,0.08648008
building_height,0.060978185
road_density,0.015537663
ndwi,0.0071440362
