feature,importance
building_density,0.34928352
elevation,0.30454323
ndvi,0.16814
population_density,0.029971741
building_height,0.014852469
road_density,0.012941374
ndbi,0.012682817
ndwi,0.010337918
albedo,0.007643695
