{
    "r2": 0.04539643758224539,
    "rmse": 2.3003690395854255,
    "mae": 1.7936746037305902
}