{"r2": 0.9824566114998542, "rmse": 0.1339139875838484}